gender,name.title,name.first,name.last,location.street.number,location.street.name,location.city,location.state,location.country,location.postcode,location.coordinates.latitude,location.coordinates.longitude,location.timezone.offset,location.timezone.description,email,login.uuid,login.username,login.password,login.salt,login.md5,login.sha1,login.sha256,dob.date,dob.age,registered.date,registered.age,phone,cell,id.name,id.value,picture.large,picture.medium,picture.thumbnail,nat
female,Mrs,Justine,Morin,7668,Avenue Debrousse,Dunkerque,Sarthe,France,81553,67.3240,82.7665,+7:00,"Bangkok, Hanoi, Jakarta",justine.morin@example.com,7b5cc05d-c867-4732-a8ea-50fa371cec63,redfrog150,unbelievable,IACBmijH,063c10ff5870d5f2aecdd90b15203e33,7163861712ebd85570b0ada679e1f141b1122098,564b80766295fb36a8ed52f39db930350aebba5e6ccb44fa622dce9ad3f4079b,1999-07-13T18:54:30.105Z,24,2015-07-21T14:02:53.276Z,8,03-18-87-42-18,06-77-34-72-87,INSEE,2990627795001 53,https://randomuser.me/api/portraits/women/20.jpg,https://randomuser.me/api/portraits/med/women/20.jpg,https://randomuser.me/api/portraits/thumb/women/20.jpg,FR
male,Mr,Lenny,Lefevre,4998,Rue Duguesclin,Aix-En-Provence,Bas-Rhin,France,51595,-71.3337,134.9484,+8:00,"Beijing, Perth, Singapore, Hong Kong",lenny.lefevre@example.com,bb56c3dc-4cbf-4910-a007-8d7d017f037e,yellowfish289,merlot,7anE5mT4,f08855f86b9e0a481d251618a5596c1a,8b4f680b836ac39e49ca4e08a95ee840eac0e0f0,351298e448e75d5f5ab21c6bd27882ba9c25093cce5a4e4c8aac190638de41fe,1966-03-13T10:21:30.461Z,58,2018-05-28T20:25:44.326Z,6,02-53-77-50-06,06-02-60-04-18,INSEE,1660255536584 36,https://randomuser.me/api/portraits/men/55.jpg,https://randomuser.me/api/portraits/med/men/55.jpg,https://randomuser.me/api/portraits/thumb/men/55.jpg,FR
female,Miss,Chloé,Brun,609,Avenue Paul Eluard,Caen,Cantal,France,14069,-52.3635,84.9047,+9:30,"Adelaide, Darwin",chloe.brun@example.com,e9f436c8-495b-4c80-9a13-a0061e8886a8,smallelephant191,jupiter,LUL3nQuT,53b43cd1870e9add55712b59069b4998,cb806d8ac957977d262c05b7df4bfb08530223fe,30dd2628d8c14564319aa7059f748c5a7db5d51fd60ba6a49e68de2d18c0a322,1984-08-15T02:09:04.149Z,39,2016-01-03T01:09:20.895Z,8,02-58-72-37-16,06-07-10-84-86,INSEE,2840756550139 55,https://randomuser.me/api/portraits/women/91.jpg,https://randomuser.me/api/portraits/med/women/91.jpg,https://randomuser.me/api/portraits/thumb/women/91.jpg,FR
female,Mrs,Lisa,Fleury,6476,Boulevard de la Duchère,Lille,Pyrénées-Atlantiques,France,78796,54.7829,-17.9734,-10:00,Hawaii,lisa.fleury@example.com,af313e01-3209-4c9e-ba5b-7c41baf48db3,angrydog499,woofwoof,sJLWDDAk,48e6a1303fe1ea2040715388a030190a,34e5719b6da533b82d7ffe307ce59232c2851dd2,63526bb698de9177caaec85e0fb595a2ceb603f9507afbfe8db2331db6a36673,1974-07-31T11:37:20.661Z,49,2018-06-18T08:41:21.109Z,5,02-66-23-17-34,06-82-30-10-57,INSEE,2740699281199 06,https://randomuser.me/api/portraits/women/76.jpg,https://randomuser.me/api/portraits/med/women/76.jpg,https://randomuser.me/api/portraits/thumb/women/76.jpg,FR
female,Ms,Constance,Menard,4984,Rue Dubois,Strasbourg,Maine-et-Loire,France,75794,-25.4362,98.1557,-2:00,Mid-Atlantic,constance.menard@example.com,1a0c10e7-eb89-4880-a6e9-884a1a26cc49,goldenwolf145,absolute,PI6d1fDN,d3528d1c29d7df992115d7b4cd547d9b,8f3b458922cc09d42beca91fdc22d6b46fa2d18e,8273d2cabe995c37d2b188a18aa4308b695b7213523a74f4843f141566e344ae,1993-02-05T18:39:12.601Z,31,2017-01-18T10:13:00.776Z,7,05-49-67-15-29,06-12-51-46-88,INSEE,2930189077978 47,https://randomuser.me/api/portraits/women/2.jpg,https://randomuser.me/api/portraits/med/women/2.jpg,https://randomuser.me/api/portraits/thumb/women/2.jpg,FR
female,Mrs,Anna,Schmitt,7632,Rue André-Gide,Nancy,Tarn,France,12500,18.5123,102.0795,-12:00,"Eniwetok, Kwajalein",anna.schmitt@example.com,7762f027-8cc5-4aa4-93c6-7e460108bef3,heavyfrog255,bowling,JgUAw8lo,7f4a79468d9168223769dab9ee264cab,6ab156ef84f0fb5160e1fee0e313d95bb473b21a,e9559ae39f4979b603bd6eb2d2b4072503616bf5cda680d9cae3bdbaf77632b6,1952-09-07T06:18:26.106Z,71,2016-11-05T08:26:35.179Z,7,03-69-31-02-05,06-10-64-86-56,INSEE,2520855998345 48,https://randomuser.me/api/portraits/women/73.jpg,https://randomuser.me/api/portraits/med/women/73.jpg,https://randomuser.me/api/portraits/thumb/women/73.jpg,FR
male,Mr,Léandro,Meunier,2643,Rue des Écoles,Pau,Paris,France,79601,63.2724,-120.1090,+6:00,"Almaty, Dhaka, Colombo",leandro.meunier@example.com,2ef6b3ab-67dd-49ba-8e0d-17a15e0db0d6,ticklishwolf565,kieran,hAmQcxXD,a982f828e985e74113384ee2514910ba,cb33a3e138e44cbe47c8dc7b2539fcf5c804a811,312eff2b53aa948c62778270fb7bc7f8275958d3a862ac8278217c26ace2b8eb,1995-04-20T03:31:15.515Z,29,2004-09-28T00:21:09.731Z,19,05-20-32-73-69,06-42-24-73-92,INSEE,1950365182859 73,https://randomuser.me/api/portraits/men/43.jpg,https://randomuser.me/api/portraits/med/men/43.jpg,https://randomuser.me/api/portraits/thumb/men/43.jpg,FR
female,Mrs,Alice,Meunier,2217,Rue de Gerland,Lyon,Lot-et-Garonne,France,94836,78.0767,62.9655,-7:00,Mountain Time (US & Canada),alice.meunier@example.com,c283f249-37ad-4ddf-8cbe-beaa1fa0c68e,sadostrich574,brain,T42cayE6,6b79b03ef0b741049bc910c66810ae21,1cff903556e0a1851ddd99637424a8fce03c0686,c4fb54088a3aedbed14f099e4efc15b16164282bbbbc6153f23cd18763cd26f0,1956-03-20T15:48:44.041Z,68,2009-12-12T08:02:56.595Z,14,04-15-05-91-95,06-69-00-27-32,INSEE,2560213754002 17,https://randomuser.me/api/portraits/women/93.jpg,https://randomuser.me/api/portraits/med/women/93.jpg,https://randomuser.me/api/portraits/thumb/women/93.jpg,FR
male,Mr,Paul,Marie,5396,Quai Chauveau,Poitiers,Dordogne,France,75738,-84.9986,27.6715,+4:30,Kabul,paul.marie@example.com,1c65f232-7522-4bc9-bf52-131820a6da8b,bigswan785,diego,zk79T4bv,a72d769599cbfbd829c8e49b286ea052,ccbf84321c9f4e4430dfd83f568fd1193e2f2514,fe40ba2a4f921c6cea77c411f23ad979142a23b2205c6b80e81777607ec03cdc,1967-05-05T15:45:25.360Z,57,2018-10-31T05:39:26.903Z,5,02-23-27-81-09,06-81-66-09-82,INSEE,1670442154563 17,https://randomuser.me/api/portraits/men/27.jpg,https://randomuser.me/api/portraits/med/men/27.jpg,https://randomuser.me/api/portraits/thumb/men/27.jpg,FR
male,Mr,Alexis,Muller,1626,Rue Abel-Hovelacque,Tourcoing,Aveyron,France,65972,16.4959,9.7755,-10:00,Hawaii,alexis.muller@example.com,ffd57887-9ac4-4bbc-8263-b06c78df8e26,goldenbutterfly639,montag,lvLrR3f8,7c3c822433ffe70e30aee64c46309aa8,f4a9201750ce6e92cf99cbb157ca0457d3c52242,bfdd929b019934abd177857b99c8b8c2d0fced4f627f108aa611d3ad8b9d904a,1959-11-10T06:24:37.179Z,64,2003-04-01T18:42:00.827Z,21,05-96-91-17-24,06-21-77-16-78,INSEE,1591049812907 20,https://randomuser.me/api/portraits/men/41.jpg,https://randomuser.me/api/portraits/med/men/41.jpg,https://randomuser.me/api/portraits/thumb/men/41.jpg,FR
male,Mr,Thibault,Vidal,4162,Rue du Moulin,Aulnay-sous-Bois,Sarthe,France,37096,86.2213,-95.3533,+7:00,"Bangkok, Hanoi, Jakarta",thibault.vidal@example.com,153b5af6-347c-45f3-982d-3d9ffd0aa238,angrypanda878,monkey1,J8WviJCk,d072ed949cd57c980f347902196d153b,36fa449a69aa577a982065acfaad002ffd7309ea,b251c16a317d7ce9051211c323ed9b11beaf80b859fc41ffe0d8b9382ab63d07,1975-02-20T13:00:42.030Z,49,2012-04-21T03:24:22.117Z,12,05-56-25-99-81,06-14-84-88-49,INSEE,1750151442908 49,https://randomuser.me/api/portraits/men/2.jpg,https://randomuser.me/api/portraits/med/men/2.jpg,https://randomuser.me/api/portraits/thumb/men/2.jpg,FR
female,Ms,Laura,Dupont,9650,Rue Cyrus-Hugues,Nice,Tarn-et-Garonne,France,98635,-7.4767,33.9662,-9:00,Alaska,laura.dupont@example.com,fbed0067-e2ba-4836-bb28-08f3e99f004b,crazyostrich728,poohbear,uvBf9aKG,7d4f109ea27ca7acc11ed3a6258ea317,6738e55db2b5089aea3f38bd27094b9acdcc5226,39fa3d94fe27537e48fa4e8ce352d6c4ba4e1fbd53a0fb055717bf20524f84ec,1997-12-14T22:35:42.382Z,26,2016-07-05T14:42:54.027Z,7,03-45-98-21-45,06-13-66-61-03,INSEE,2971199240506 76,https://randomuser.me/api/portraits/women/12.jpg,https://randomuser.me/api/portraits/med/women/12.jpg,https://randomuser.me/api/portraits/thumb/women/12.jpg,FR
female,Miss,Mila,Boyer,4822,Rue Abel,Angers,Bas-Rhin,France,97963,-23.7268,-107.7348,-12:00,"Eniwetok, Kwajalein",mila.boyer@example.com,25b97104-74c9-4a85-b3b6-2ffbe0541dc6,angrygoose681,ultima,tUAAElwz,a569c2364e08d71370bf5b506854cf4a,6d5973eb11edd92e3d0502feb67e683adf52955f,e56481b7bed7d7c045eee22e92caa3048e840a7060f5ea8e9350b93695740c51,1965-05-24T04:25:30.574Z,59,2020-02-07T10:56:19.790Z,4,05-44-25-13-93,06-22-50-85-98,INSEE,2650494233332 14,https://randomuser.me/api/portraits/women/4.jpg,https://randomuser.me/api/portraits/med/women/4.jpg,https://randomuser.me/api/portraits/thumb/women/4.jpg,FR
male,Mr,Luka,Deschamps,8743,Rue Bony,Poitiers,Haute-Corse,France,34215,58.2272,-80.1833,-5:00,"Eastern Time (US & Canada), Bogota, Lima",luka.deschamps@example.com,5454cd20-fe19-4a0f-8373-187895740b12,bluemouse449,sundance,c7zhxIoO,ecaa51d146a10dec195e70fd12a86328,f94e744ade84f8c34fb464040bef03d6be6aa367,7a323489865e77bdb43cd419c0d1b8ff01b61702b6af6f62bb4f69b6e2f36c52,1969-11-30T05:20:50.913Z,54,2021-06-13T14:27:05.975Z,2,01-10-16-60-09,06-24-55-66-91,INSEE,1691050629019 61,https://randomuser.me/api/portraits/men/28.jpg,https://randomuser.me/api/portraits/med/men/28.jpg,https://randomuser.me/api/portraits/thumb/men/28.jpg,FR
male,Mr,Raphaël,Roussel,6614,Esplanade du 9 Novembre 1989,Lille,Somme,France,90256,-23.7853,151.1366,-10:00,Hawaii,raphael.roussel@example.com,192594bd-1f95-4194-86cf-be12c4732bc2,lazygoose349,jefferso,YJst55Dq,770ebb7a8027d1e5386c2f4b9bf20099,eae009ab2007bb27ca725971126b1cb6bfbcace2,e533b5631b4c023daa5ab87fadcdcafab0039ced1d621cd70e6d42715ab1b716,1963-09-24T06:01:01.213Z,60,2017-07-08T17:43:29.743Z,6,03-73-08-41-59,06-57-17-06-31,INSEE,1630879942206 51,https://randomuser.me/api/portraits/men/87.jpg,https://randomuser.me/api/portraits/med/men/87.jpg,https://randomuser.me/api/portraits/thumb/men/87.jpg,FR
male,Mr,Eliot,Mathieu,1003,Rue des Chartreux,Toulon,Puy-de-Dôme,France,41674,31.6441,84.7008,+1:00,"Brussels, Copenhagen, Madrid, Paris",eliot.mathieu@example.com,d6fd23f1-c82e-4fd6-91d4-9fc5297290bd,tinyswan854,dogpound,8s5AL7q4,7f525a12b15f73b4841f2a0ffb485808,b7e78301a5aabf6484f53473c574250c44772b30,a51fe0ff40c1475c64ccbc99d3349bdb881362d05658885cdb064e0a897297d8,1954-05-20T02:06:31.509Z,70,2006-03-26T15:45:44.854Z,18,03-35-24-98-88,06-99-44-20-57,INSEE,1540433031754 31,https://randomuser.me/api/portraits/men/81.jpg,https://randomuser.me/api/portraits/med/men/81.jpg,https://randomuser.me/api/portraits/thumb/men/81.jpg,FR
female,Miss,Bérénice,Fabre,5149,Avenue Paul Eluard,Dijon,Alpes-Maritimes,France,80451,6.6921,-0.0213,-7:00,Mountain Time (US & Canada),berenice.fabre@example.com,0c8b49ff-d227-4d7e-97e8-2774f1ebd83b,ticklishgoose228,glasses,tzDVWAts,a26ae7c5156133f828eab50a8c04ce2f,e94b2dfe7a73a49e310ad5c3b1e71c3a06abde39,a44880ed30769a6f94b88ee0973c407e4687e5c260dd91cd8719be979adaeb21,2000-05-11T17:51:58.284Z,24,2018-05-08T07:13:39.087Z,6,05-13-52-48-86,06-11-96-83-50,INSEE,21000491164231 39,https://randomuser.me/api/portraits/women/32.jpg,https://randomuser.me/api/portraits/med/women/32.jpg,https://randomuser.me/api/portraits/thumb/women/32.jpg,FR
female,Mrs,Candice,Brunet,8398,Rue de L'Abbé-Groult,Nice,Isère,France,58195,-71.2763,167.4050,-11:00,"Midway Island, Samoa",candice.brunet@example.com,79ef5571-f098-4b4a-bfb2-878fd316934a,smallmeercat294,keenan,xTJqQrGc,3cc2fd282ffb990205300c572ebe8194,4c76e1d0ed7c71f208144d5942081f7e2451b55a,a63c72e5b8faf9ecbb4e9cf4ec09fce5a679fa0ee708b0c869bc7f5dbd8d508c,1984-11-24T00:33:15.840Z,39,2015-09-21T02:23:57.256Z,8,02-05-45-94-42,06-49-02-68-52,INSEE,2841038882435 33,https://randomuser.me/api/portraits/women/38.jpg,https://randomuser.me/api/portraits/med/women/38.jpg,https://randomuser.me/api/portraits/thumb/women/38.jpg,FR
male,Mr,Aaron,Picard,6224,Rue Abel-Hovelacque,Nancy,Indre,France,68643,27.9111,70.2299,+4:00,"Abu Dhabi, Muscat, Baku, Tbilisi",aaron.picard@example.com,205ff471-90a0-4cc1-9075-01f4c667256e,tinyelephant509,kissing,qoOzIYvZ,bfbf1705d031a8b649737f96ccc4ebe2,f3082fbc071e2ded3bda9dd93e4f9f7ace796b12,85dfaa2ca1ee7a90da409214b238162acf95d0dfd659aca8eb5c0df617e6e1f9,1945-03-11T02:58:25.363Z,79,2012-01-10T11:30:59.643Z,12,05-81-16-15-19,06-00-22-55-52,INSEE,1450266808002 77,https://randomuser.me/api/portraits/men/52.jpg,https://randomuser.me/api/portraits/med/men/52.jpg,https://randomuser.me/api/portraits/thumb/men/52.jpg,FR
male,Mr,Marceau,Dumont,2863,Rue Bony,Le Havre,Ariège,France,27959,-89.7011,-50.3542,-3:00,"Brazil, Buenos Aires, Georgetown",marceau.dumont@example.com,a5e0f664-924f-4644-90d8-fdf646465356,ticklishmouse717,1701,j8INSgD8,b743f4f178aacb9901562829206dd364,852acf1acece5add627ed3f5fcaec2c3319ea0e5,2613523b97cc87fb94aa6aa307db1efc1c6c61fa103f523a414f13ec21165454,1946-01-22T17:04:16.079Z,78,2004-08-02T22:38:23.138Z,19,05-10-08-02-58,06-53-21-83-48,INSEE,1460021786838 65,https://randomuser.me/api/portraits/men/45.jpg,https://randomuser.me/api/portraits/med/men/45.jpg,https://randomuser.me/api/portraits/thumb/men/45.jpg,FR
female,Mrs,Léa,Philippe,1552,Avenue Paul Eluard,Aix-En-Provence,Alpes-de-Haute-Provence,France,20845,7.5031,-105.9803,-5:00,"Eastern Time (US & Canada), Bogota, Lima",lea.philippe@example.com,4d6b540e-6168-43ad-b967-f40111aa01f4,silvercat356,icehouse,Si5aum8e,6a273705a13c521e270455a32ffa6e23,00b8c4ba484b85d078e39d2f9794045ff691f948,3bdda8bd2fad99f05bb297b22f38b936b573497bf6063f42f7c81731611ff85d,1960-12-29T14:46:19.289Z,63,2013-07-31T17:07:37.778Z,10,03-69-32-51-18,06-65-22-71-39,INSEE,2601112345516 11,https://randomuser.me/api/portraits/women/73.jpg,https://randomuser.me/api/portraits/med/women/73.jpg,https://randomuser.me/api/portraits/thumb/women/73.jpg,FR
male,Mr,Damien,Petit,6734,Esplanade du 9 Novembre 1989,Limoges,Yvelines,France,51485,-15.4265,14.5515,-6:00,"Central Time (US & Canada), Mexico City",damien.petit@example.com,8aaf280a-4e12-4ea2-8e1a-26ded944ee74,blackpeacock791,bluesman,Eg2hAT1w,99f6b9f80c91c9eece697cd8080ca06c,be79b1dc8506867ffea7f3e04e56a99ee3f68043,bd7fb4ffcc7f2a9020eb0440947a06fffc4183392258622fdc9834f87e9ad64d,1961-12-18T03:43:03.900Z,62,2018-11-08T20:18:34.347Z,5,02-55-68-87-26,06-80-91-11-53,INSEE,1611174115308 14,https://randomuser.me/api/portraits/men/36.jpg,https://randomuser.me/api/portraits/med/men/36.jpg,https://randomuser.me/api/portraits/thumb/men/36.jpg,FR
male,Mr,Elias,Martinez,2495,Place du 8 Novembre 1942,Paris,Yonne,France,66100,-3.7890,6.7606,-11:00,"Midway Island, Samoa",elias.martinez@example.com,645ce9b5-0c61-48e9-b2b0-952bff7440a8,whitecat921,jeremiah,dMMkgCvJ,bf4e134ef19e42fde4217e1d1c3cfde2,8029d0b58461cce26da0a5fab798453a3bc97ea3,9a2bc3d123be095819c55f59ef4ef23eafe88b43170432a2f9be989ac75b0aa0,1957-09-09T04:16:48.076Z,66,2007-10-22T04:15:28.452Z,16,03-29-86-05-46,06-38-84-43-12,INSEE,1570886246922 47,https://randomuser.me/api/portraits/men/83.jpg,https://randomuser.me/api/portraits/med/men/83.jpg,https://randomuser.me/api/portraits/thumb/men/83.jpg,FR
male,Mr,Liam,Sanchez,8600,Grande Rue,Mulhouse,Ariège,France,75887,-62.3492,-95.8119,+1:00,"Brussels, Copenhagen, Madrid, Paris",liam.sanchez@example.com,a71bec5f-4e69-4f4e-8edd-23d84846eddd,crazyostrich248,zong,YS3Vjjhj,46303f15ca7fc35994e79115a02e3b21,d6ff5a728c4bf0ed3e7ecbbea063858b40fc6f43,041ff272385731f1aba63626149e6d3ae8d710fc3a7884e28e2ed7490c694954,1989-09-13T00:07:30.117Z,34,2015-05-05T19:16:21.638Z,9,02-88-65-35-77,06-21-06-31-68,INSEE,1890834824653 78,https://randomuser.me/api/portraits/men/10.jpg,https://randomuser.me/api/portraits/med/men/10.jpg,https://randomuser.me/api/portraits/thumb/men/10.jpg,FR
male,Mr,Victor,Robert,9670,Rue D'Abbeville,Aix-En-Provence,Gard,France,99273,82.6546,174.5918,+7:00,"Bangkok, Hanoi, Jakarta",victor.robert@example.com,76419c65-042c-497d-b240-28150c467cc6,crazybear404,keepout,4fsyU2qQ,9e81c3bc7dc5a7f653b939a0d156ee85,b923913ad4bed513079eb1e7ae1afc41db4e5140,d6c22f4b891b74733b0e2585f6c396c18799dd871a6c2ee4ba8cce89e2415c83,1960-06-01T14:56:44.942Z,63,2013-06-16T11:14:02.367Z,10,05-79-29-38-42,06-29-50-36-52,INSEE,1600596737343 78,https://randomuser.me/api/portraits/men/96.jpg,https://randomuser.me/api/portraits/med/men/96.jpg,https://randomuser.me/api/portraits/thumb/men/96.jpg,FR